date,title,url,media
2023-04-30 12:26:00,VIDÉO - Sécheresse : la pluie peut-elle encore régler le problème ?,https://www.tf1info.fr/environnement-ecologie/video-secheresse-la-pluie-peut-elle-encore-regler-le-probleme-2255634.html,TF1
2023-04-29 16:46:00,"VIDÉO - ""On va souffrir cet été "" : les Alpes-Maritimes enregistrent déjà un niveau de sécheresse record",https://www.tf1info.fr/environnement-ecologie/video-on-va-souffrir-cet-ete-les-alpes-maritimes-enregistrent-deja-un-niveau-de-secheresse-record-2255600.html,TF1
2023-04-29 12:57:00,REPORTAGE - Sécheresse et incendies : quand la science se met au service des pompiers,https://www.tf1info.fr/high-tech/reportage-video-secheresse-et-incendies-quand-la-science-se-met-au-service-des-pompiers-2255575.html,TF1
2023-04-29,Gironde : sécheresse et scolytes menacent la forêt,https://www.francetvinfo.fr/monde/environnement/biodiversite/gironde-secheresse-et-scolytes-menacent-la-foret_5798708.html,France 3
2023-04-29,Sécheresse : des restrictions drastiques,https://www.francetvinfo.fr/meteo/secheresse/secheresse-des-restrictions-drastiques_5798297.html,France 2
2023-04-29,"Gironde : les scolytes, plus nombreux, menacent la forêt",https://www.francetvinfo.fr/france/nouvelle-aquitaine/gironde/gironde-les-scolytes-plus-nombreux-menacent-la-foret_5798477.html,France 3
2023-04-29,Alpes-Maritimes : les pompiers mobilisés pour affronter un été à haut risque face aux incendies,https://www.francetvinfo.fr/alpes-maritimes/alpes-maritimes-les-pompiers-mobilises-pour-affronter-un-ete-a-haut-risque-face-aux-incendies_5798474.html,France 3
2023-04-28 17:55:00,Sécheresse dans les Pyrénées-Orientales : de nouvelles restrictions d'eau,https://www.tf1info.fr/societe/video-secheresse-dans-les-pyrenees-orientales-de-nouvelles-restrictions-d-eau-2255521.html,TF1
2023-04-28 17:23:00,"VIDÉO - ""Super Bloom"" en Californie : le spectacle éblouissant d'une floraison exceptionnelle",https://www.tf1info.fr/environnement-ecologie/video-super-bloom-en-californie-le-spectacle-eblouissant-d-une-floraison-exceptionnelle-2255531.html,TF1
2023-04-28 10:10:00,"VIDÉO - ""Ça n'a jamais été comme ça"" : la grande inquiétude face au manque d'eau dans les Pyrénées-Orientales",https://www.tf1info.fr/societe/video-secheresse-la-grande-inquietude-face-au-manque-d-eau-dans-les-pyrenees-orientales-2255442.html,TF1
2023-04-28,Agriculture : la sécheresse inquiète en Occitanie,https://www.francetvinfo.fr/economie/emploi/metiers/agriculture/agriculture-la-secheresse-inquiete-en-occitanie_5796740.html,France 3
2023-04-28,Sécheresse : le préfet annonce de nouvelles mesures en Occitanie,https://www.francetvinfo.fr/meteo/secheresse/agriculture-l-occitanie-face-a-une-secheresse-extreme_5796734.html,France 3
2023-04-28,Sécheresse : l’agriculture est la plus consommatrice d'eau,https://www.francetvinfo.fr/meteo/secheresse/eau-l-agriculture-est-la-plus-consommatrice_5797067.html,France 3
2023-04-28,Sécheresse : l'état de crise continue dans les Pyrénées-Orientales,https://www.francetvinfo.fr/meteo/secheresse/secheresse-l-etat-de-crise-continue-dans-les-pyrenees-orientales_5797043.html,France 3
2023-04-28,"Espagne : en plein mois d’avril, le pays suffoque sous la canicule",https://www.francetvinfo.fr/meteo/secheresse/espagne-en-plein-mois-d-avril-le-pays-suffoque-sous-la-canicule_5797037.html,France 3
2023-04-27 10:28:00,VIDÉO - Canicule exceptionnelle en Espagne : les agriculteurs confrontés à une crise historique,https://www.tf1info.fr/international/video-chaleur-exceptionnelle-en-espagne-avril-2023-pres-de-40-c-les-agriculteurs-confrontes-a-une-crise-historique-2255344.html,TF1
2023-04-27,Nappes phréatiques : doit-on limiter leur utilisation par les industriels ?,https://www.francetvinfo.fr/meteo/secheresse/nappes-phreatiques-doit-on-limiter-leur-utilisation-par-les-industriels_5795051.html,France 2
2023-04-27,"L’Espagne en proie à une forte vague de chaleur, les agriculteurs en danger",https://www.francetvinfo.fr/monde/espagne/l-espagne-en-proie-a-une-forte-vague-de-chaleur-les-agriculteurs-en-danger_5795030.html,France 2
2023-04-27,"Sécheresse : dans les Pyrénées-Orientales, les vignerons font des réserves d’eau pour les sapeurs-pompiers",https://www.francetvinfo.fr/meteo/secheresse/secheresse-dans-les-pyrenees-orientales-les-vignerons-font-des-reserves-d-eau-pour-les-sapeurs-pompiers_5794601.html,France 2
2023-04-27,Sécheresse : les ventes de récupérateurs d’eau en hausse,https://www.francetvinfo.fr/meteo/secheresse/secheresse-les-ventes-de-recuperateurs-d-eau-en-hausse_5795066.html,France 2
2023-04-27,"Sécheresse : dans les Pyrénées-Orientales, les sapeurs-pompiers font des réserves d’eau",https://www.francetvinfo.fr/meteo/secheresse/secheresse-dans-les-pyrenees-orientales-les-sapeurs-pompiers-font-des-reserves-d-eau_5795123.html,France 3
2023-04-27,Sécheresse : comment éviter la guerre de l’eau en Provence ?,https://www.francetvinfo.fr/meteo/secheresse/secheresse-comment-eviter-la-guerre-de-l-eau-en-provence_5795117.html,France 3
2023-04-27,Sécheresse : le trafic maritime du Canal de Panama menacé,https://www.francetvinfo.fr/meteo/secheresse/secheresse-le-trafic-maritime-du-canal-de-panama-menace_5795105.html,France 2
2023-04-26 16:31:00,"VIDÉO - ""Difficile de travailler"" : une canicule d'une précocité inédite fait suffoquer les Espagnols",https://www.tf1info.fr/international/video-chaleur-en-espagne-pres-de-40-c-en-avril-un-episode-inedit-et-historique-2255302.html,TF1
2023-04-26 11:34:00,"VIDÉO - Sécheresse : contre les incendies, une ""météo des forêts"" quotidienne diffusée à partir de juin",https://www.tf1info.fr/societe/video-secheresse-contre-les-incendies-une-meteo-des-forets-quotidienne-diffusee-a-partir-de-juin-2255247.html,TF1
2023-04-26,Sécheresse : une commune du Gard bientôt à sec,https://www.francetvinfo.fr/meteo/secheresse/secheresse-une-commune-du-gard-bientot-a-sec_5792828.html,France 3
2023-04-26,Pyrénées-Orientales : les arboriculteurs confrontés à la sécheresse,https://www.francetvinfo.fr/meteo/secheresse/pyrenees-orientales-les-arboriculteurs-confrontes-a-la-secheresse_5793077.html,France 2
2023-04-26,Incendies : un nouvel outil pour prévenir les risques de feux de forêt,https://www.francetvinfo.fr/faits-divers/incendie/incendies-un-nouvel-outil-pour-prevenir-les-risques-de-feux-de-foret_5792837.html,France 3
2023-04-26,Espagne : le pays en proie à la canicule,https://www.francetvinfo.fr/meteo/canicule/espagne-le-pays-en-proie-a-la-canicule_5793134.html,France 3
2023-04-25 10:34:00,VIDÉO - Incendies : les pompiers déjà en alerte au sol et dans les airs,https://www.tf1info.fr/societe/video-incendies-les-pompiers-deja-en-alerte-au-sol-et-dans-les-airs-2255118.html,TF1
2023-04-25,Incendies : une nouvelle carte météo en prévention,https://www.francetvinfo.fr/faits-divers/incendie/incendies-une-nouvelle-carte-meteo-en-prevention_5791403.html,France 3
2023-04-24,Sécheresse : en mission avec les pilotes de Canadair,https://www.francetvinfo.fr/meteo/secheresse/secheresse-en-mission-avec-les-pilotes-de-canadair_5789564.html,France 2
2023-04-24,"Sécheresse : à Noirmoutier, l’eau usée vient au secours des légumes",https://www.francetvinfo.fr/meteo/secheresse/secheresse-a-noirmoutier-l-eau-usee-vient-au-secours-des-legumes_5789648.html,France 3
2023-04-23,"Sécheresse : malgré les pluies d’avril, la situation reste inégale en France",https://www.francetvinfo.fr/meteo/secheresse/secheresse-malgre-les-pluies-d-avril-la-situation-reste-inegale-en-france_5787650.html,France 2
2023-04-22,Incendies : les pompiers déjà sur le front,https://www.francetvinfo.fr/faits-divers/incendie/incendies-les-pompiers-deja-sur-le-front_5786027.html,France 3
2023-04-22,Autoroute entre Toulouse et Castres : la mobilisation gronde,https://www.francetvinfo.fr/monde/environnement/autoroute-entre-toulouse-et-castres-la-mobilisation-gronde_5785904.html,France 2
2023-04-22,"Photo Hebdo : un lac artificiel à sec à Barcelone, une mère girafe et son petit, une photo de l’intelligence artificielle récompensée lors d’un concours… L'actualité en images",https://www.francetvinfo.fr/monde/europe/photo-hebdo-un-lac-artificiel-a-sec-a-barcelone-une-mere-girafe-et-son-petit-une-photo-de-l-intelligence-artificielle-recompensee-lors-d-un-concours-l-actualite-en-images_5786234.html,France 2
2023-04-22,Inflation : le prix des matières premières toujours aussi élevé,https://www.francetvinfo.fr/economie/inflation/inflation-le-prix-des-matieres-premieres-toujours-aussi-eleve_5786216.html,France 2
2023-04-22,Autoroute A69: un projet qui génère des conflits,https://www.francetvinfo.fr/france/occitanie/tarn/autoroute-a69-un-projet-qui-genere-des-conflits_5786006.html,France 3
2023-04-22,Sécheresse : la solution des récupérateurs d'eau,https://www.francetvinfo.fr/meteo/secheresse/secheresse-la-solution-des-recuperateurs-d-eau_5786036.html,France 3
2023-04-20 16:58:00,"VIDÉO - Pour anticiper les problèmes d'eau, ces agriculteurs font le pari de diversifier leurs cultures",https://www.tf1info.fr/environnement-ecologie/video-environnement-secheresse-irrigation-pour-anticiper-les-problemes-d-eau-ces-agriculteurs-font-le-pari-de-changer-leurs-cultures-2254716.html,TF1
2023-04-20 14:24:00,VIDÉO - Sécheresse : ces Français qui font construire ou réhabilitent un puits,https://www.tf1info.fr/environnement-ecologie/video-reportage-tf1-secheresse-ces-francais-qui-font-construire-ou-rehabilitent-un-puits-2254657.html,TF1
2023-04-20,"Sécheresse : en Provence, les nappes phréatiques sont au plus bas",https://www.francetvinfo.fr/meteo/secheresse/secheresse-en-provence-les-nappes-phreatiques-sont-au-plus-bas_5782214.html,France 3
2023-04-19 11:37:00,Pyrénées-Orientales : les pompiers en quête d'eau dans un département déjà éprouvé par la sécheresse,https://www.tf1info.fr/environnement-ecologie/video-incendie-cerbere-banuyls-eau-piscine-mer-pyrenees-orientales-les-pompiers-en-quete-d-eau-dans-un-departement-deja-eprouve-par-la-secheresse-2254520.html,TF1
2023-04-19,Sécheresse : le Pas-de-Calais appelle à la sobriété et demande d’économiser l’eau potable,https://www.francetvinfo.fr/meteo/secheresse/secheresse-le-pas-de-calais-appelle-a-la-sobriete-et-demande-d-economiser-l-eau-potable_5780534.html,France 3
2023-04-19,"États-Unis : le ""superbloom"", un émerveillement pour les yeux et une bonne nouvelle pour la Californie",https://www.francetvinfo.fr/meteo/secheresse/etats-unis-le-superbloom-un-emerveillement-pour-les-yeux-et-une-bonne-nouvelle-pour-la-californie_5780483.html,France 2
2023-04-19,Sécheresse : la “police de l’eau” traque les fraudeurs dans le sud-ouest,https://www.francetvinfo.fr/meteo/secheresse/secheresse-la-police-de-l-eau-traque-les-fraudeurs-dans-le-sud-ouest_5780093.html,France 2
2023-04-19,"Sécheresse : auprès d’une patrouille de la police de l'eau, dans les Pyrénées-Orientales",https://www.francetvinfo.fr/meteo/secheresse/secheresse-aupres-d-une-patrouille-de-la-police-de-l-eau-dans-les-pyrenees-orientales_5780186.html,France 3
2023-04-18 16:26:00,Incendies dans les Pyrénées-Orientales : comment les pompiers ont fixé le feu à Cerbère,https://www.tf1info.fr/societe/video-incendies-pyrenees-orientales-comment-les-pompiers-ont-fixe-le-feu-a-cerbere-2254465.html,TF1
2023-04-18 11:58:00,Incendie dans les Pyrénées-Orientales : comment expliquer des feux en avril en France,https://www.tf1info.fr/justice-faits-divers/video-incendie-pyrenees-orientales-comment-expliquer-des-feux-en-avril-en-france-2254398.html,TF1
2023-04-18 08:00:00,Incendies précoces : la France est-elle suffisamment armée ?,https://www.tf1info.fr/societe/video-tf1-incendies-precoces-comme-a-cerbere-la-france-est-elle-suffisamment-armee-2254402.html,TF1
2023-04-18,Incendies : la Gironde reste en état d'alerte,https://www.francetvinfo.fr/faits-divers/incendies-en-gironde/incendies-la-gironde-reste-en-etat-d-alerte_5778521.html,France 3
2023-04-18,Incendies : comment la Gironde se prépare pour un été potentiellement à risque,https://www.francetvinfo.fr/faits-divers/incendie/incendies-comment-la-gironde-se-prepare-pour-un-ete-potentiellement-a-risque_5778476.html,France 2
2023-04-18,Sécheresse : l'eau d'un canal déviée pour alimenter et sauver la Garonne,https://www.francetvinfo.fr/meteo/secheresse/secheresse-l-eau-d-un-canal-devie-pour-alimenter-et-sauver-la-garonne_5778479.html,France 2
2023-04-17 16:50:00,"VIDÉO - ""Je n'ai jamais connu ça"" : la désolation des habitants de Cerbère après l'incendie",https://www.tf1info.fr/societe/video-reportage-tf1-pyrenees-orientales-je-n-ai-jamais-connu-ca-la-desolation-des-habitants-de-cerbere-apres-l-incendie-2254347.html,TF1
2023-04-17 16:46:00,VIDÉO - Pyrénées-Orientales : un état de sécheresse digne d'un mois de juillet... au mois d'avril,https://www.tf1info.fr/environnement-ecologie/video-pyrenees-orientales-incendie-banuyls-cerbere-un-etat-de-secheresse-digne-d-un-mois-de-juillet-au-mois-d-avril-2254356.html,TF1
2023-04-17 14:45:00,"VIDÉO - Pyrénées-Orientales : le feu, maîtrisé mais pas fixé, mobilise toujours 300 pompiers",https://www.tf1info.fr/environnement-ecologie/video-cerbere-banyuls-sur-mer-incendie-dans-les-pyrenees-orientales-le-feu-maitrise-mais-pas-fixe-mobilise-encore-300-pompiers-2254345.html,TF1
2023-04-17 08:18:00,"VIDÉO - Pyrénées-Orientales : après avoir parcouru 930 hectares, l'incendie a été maîtrisé",https://www.tf1info.fr/environnement-ecologie/video-pyrenees-orientales-apres-avoir-parcouru-930-hectares-l-incendie-cerbere-banuyls-a-ete-maitrise-2254279.html,TF1
2023-04-17,Incendie dans les Pyrénées-Orientales : le feu est maîtrisé mais sous haute surveillance,https://www.francetvinfo.fr/faits-divers/incendie/incendie-dans-les-pyrenees-orientales-le-feu-est-maitrise-mais-sous-haute-surveillance_5776682.html,France 2
2023-04-16,"Dérèglement climatique : les nappes phréatiques au plus bas, la sécheresse inquiète",https://www.francetvinfo.fr/monde/environnement/crise-climatique/dereglement-climatique-les-nappes-phreatiques-au-plus-bas-la-secheresse-inquiete_5774711.html,France 2
2023-04-15 11:40:00,"VIDÉO - Sécheresse : à Bouleternère, l'eau qui coule du robinet n'est plus potable",https://www.tf1info.fr/environnement-ecologie/video-secheresse-a-bouleternere-l-eau-qui-coule-du-robinet-n-est-plus-potable-2254150.html,TF1
2023-04-14 16:26:00,VIDÉO - Sécheresse : pourquoi la pluie ne suffit pas à remplir nos sous-sols ?,https://www.tf1info.fr/environnement-ecologie/video-secheresse-pourquoi-la-pluie-ne-suffit-pas-a-remplir-nos-sous-sols-et-les-nappes-phreatiques-2254082.html,TF1
2023-04-14,Sécheresse : des chiens pour détecter des fuites d’eau,https://www.francetvinfo.fr/meteo/secheresse/secheresse-des-chiens-pour-detecter-des-fuites-d-eau_5771087.html,France 2
2023-04-14,Sécheresse : des villages des Pyrénées-Orientales privés d’eau potable,https://www.francetvinfo.fr/meteo/secheresse/secheresse-des-villages-des-pyrenees-orientales-prives-d-eau-potable_5771513.html,France 3
2023-04-14,Environnement : le bassin méditerranéen souffre de la sécheresse,https://www.francetvinfo.fr/monde/environnement/environnement-le-bassin-mediterraneen-souffre-de-la-secheresse_5771516.html,France 3
2023-04-14,"Sécheresse : dans les Pyrénées-Orientales, quatre communes n’ont plus d’eau potable",https://www.francetvinfo.fr/meteo/secheresse/secheresse-dans-les-pyrenees-orientales-quatre-communes-n-ont-plus-d-eau-potable_5771147.html,France 3
2023-04-14,"Un jour en France : les corps de trois skieurs italiens retrouvés, protestation contre le tourisme fluvial,... L'actualité des dernières 24h",https://www.francetvinfo.fr/meteo/secheresse/un-jour-en-france-les-corps-de-trois-skieurs-italiens-retrouves-protestation-contre-le-tourisme-fluvial-l-actualite-des-dernieres-24h_5771459.html,France 2
2023-04-13,Sécheresse : quatre villages privés d’eau potable dans les Pyrénées-Orientales,https://www.francetvinfo.fr/meteo/secheresse/secheresse-quatre-villages-prives-d-eau-potable-dans-les-pyrenees-orientales_5769266.html,France 2
2023-04-12 12:29:00,"Dans l'Hérault, la sécheresse fait craindre un été très compliqué sur le front des incendies",https://www.tf1info.fr/societe/video-dans-l-herault-la-secheresse-fait-craindre-un-ete-tres-complique-sur-le-front-des-incendies-2253787.html,TF1
2023-04-12,Auvergne : regain de popularité pour le vin volcanique,https://www.francetvinfo.fr/france/auvergne-rhone-alpes/auvergne-regain-de-popularite-pour-le-vin-volcanique_5766926.html,France 2
2023-04-12,Sécheresse : de l’air transformé en eau pour pallier les pénuries,https://www.francetvinfo.fr/meteo/secheresse/secheresse-de-l-air-transforme-en-eau-pour-pallier-les-penuries_5767409.html,France 3
2023-04-11 11:21:00,"REPORTAGE - Face à la sécheresse, des récupérateurs d'eau à petit prix grâce aux communes",https://www.tf1info.fr/societe/reportage-face-a-la-secheresse-des-recuperateurs-d-eau-a-petit-prix-grace-a-vos-communes-2253675.html,TF1
2023-04-11,Sécheresse : la bataille des forages des nappes phréatiques,https://www.francetvinfo.fr/meteo/secheresse/secheresse-la-bataille-des-forages-des-nappes-phreatiques_5765321.html,France 2
2023-04-11,"Sécheresse : à Bordeaux, le boom des réservoirs d’eau accessibles à tous",https://www.francetvinfo.fr/meteo/secheresse/secheresse-a-bordeaux-le-boom-des-reservoirs-d-eau-accessibles-a-tous_5764886.html,France 2
2023-04-10 09:11:00,Alerte aux pollens : près d'un Français sur deux pourrait être touché par les allergies d'ici 2050,https://www.tf1info.fr/sante/alerte-aux-pollens-pres-d-un-francais-sur-deux-pourrait-etre-touche-par-les-allergies-d-ici-2050-2253574.html,TF1
2023-04-09 11:38:00,ENQUÊTE - Sécheresse : le modèle espagnol d'irrigation agricole remis en question,https://www.tf1info.fr/environnement-ecologie/enquete-video-secheresse-le-modele-espagnol-d-irrigation-agricole-remis-en-question-2253505.html,TF1
2023-04-09,Sécheresse : déjà des restrictions d'eau dans le Gard,https://www.francetvinfo.fr/meteo/secheresse/secheresse-deja-des-restrictions-d-eau-dans-le-gard_5761787.html,France 3
2023-04-08,Sécheresse : des moyens de préventions déployés contre les incendies,https://www.francetvinfo.fr/meteo/secheresse/secheresse-des-moyens-de-preventions-deployes-contre-les-incendies_5760083.html,France 3
2023-04-08,"Bouches-du-Rhône : en prévention des incendies, le débroussaillage obligatoire a débuté",https://www.francetvinfo.fr/bouches-du-rhone/bouches-du-rhone-en-prevention-des-incendies-le-debroussaillage-obligatoire-a-debute_5759774.html,France 3
2023-04-08,Sécheresse : l'inquiétude des professionnels du tourisme fluvial,https://www.francetvinfo.fr/meteo/secheresse/secheresse-l-inquietude-des-professionnels-du-tourisme-fluvial_5759777.html,France 3
2023-04-07,"Un jour en France : fuite d’ammoniaque dans le Val-de-Marne, sécheresse dans l’Hérault, permis de conduire à 16 ans et cueillette des moules… L’actualité du vendredi 7 avril",https://www.francetvinfo.fr/meteo/secheresse/un-jour-en-france-fuite-d-ammoniaque-dans-le-val-de-marne-secheresse-dans-l-herault-permis-de-conduire-a-16-ans-et-cueillette-des-moules-l-actualite-du-vendredi-7-avril_5758298.html,France 2
2023-04-06 15:52:00,"VIDÉO - Restrictions d'eau : ""On n'ouvrira pas notre piscine cette année""",https://www.tf1info.fr/societe/video-reportage-tf1-pyrenees-orientales-restrictions-d-eau-face-a-la-secheresse-on-n-ouvrira-pas-notre-piscine-cette-annee-2253279.html,TF1
2023-04-06 13:54:00,VIDÉO - Inquiétude à Bordeaux après d'importantes fissures sur des façades,https://www.tf1info.fr/immobilier/video-urbanisme-beton-secheresse-risque-d-effondrements-l-inquietude-a-bordeaux-apres-d-importantes-fissures-sur-des-facades-2253229.html,TF1
2023-04-06,Climat : les propriétaires de maisons fissurées bientôt indemnisés ?,https://www.francetvinfo.fr/meteo/secheresse/climat-les-proprietaires-de-maisons-fissurees-bientot-indemnises_5756384.html,France 2
2023-04-06,"Sécheresse : face au fléau des maisons fissurées, une proposition de loi pour mieux accompagner les sinistrés",https://www.francetvinfo.fr/meteo/secheresse/secheresse-face-au-fleau-des-maisons-fissurees-une-proposition-de-loi-pour-mieux-accompagner-les-sinistres_5756096.html,France 3
2023-04-05 10:28:00,VIDÉO - Eau de pluie : trois solutions pour mieux l'utiliser,https://www.tf1info.fr/environnement-ecologie/video-tf1-eau-de-pluie-trois-solutions-pour-mieux-l-utiliser-2253110.html,TF1
2023-04-05 09:28:00,"VIDÉO - Tunisie : Zarzis, presqu'île de paradis",https://www.tf1info.fr/voyages/video-tf1-tunisie-zarzis-presqu-ile-de-paradis-2253118.html,TF1
2023-04-05,Vosges : un Canadair réalise des tests dans le lac de Gérardmer,https://www.francetvinfo.fr/france/grand-est/vosges/vosges-un-canadair-realise-des-tests-dans-le-lac-de-gerardmer_5753954.html,France 3
2023-04-03 16:02:00,VIDÉO - Sécheresse : comment le canal du Midi s'adapte au manque d'eau,https://www.tf1info.fr/environnement-ecologie/video-reportage-tf1-secheresse-comment-le-canal-du-midi-s-adapte-au-manque-d-eau-pour-les-bateaux-et-peniches-2252947.html,TF1
2023-04-03 11:42:00,VIDÉO - Piscines privées : le boom des modèles de moins de 10 m²,https://www.tf1info.fr/environnement-ecologie/video-reportage-tf1-construction-de-piscines-privees-le-boom-des-modeles-de-moins-de-10-m-a-l-heure-de-la-secheresse-et-de-l-inflation-2252813.html,TF1
2023-04-03,Alpes-Maritimes : le village de Breil-sur-Roya fortement touché par la sécheresse,https://www.francetvinfo.fr/alpes-maritimes/alpes-maritimes-le-village-de-breil-sur-roya-fortement-touche-par-la-secheresse_5749820.html,France 2
2023-04-03,Climat : le gel inquiète les agriculteurs du Nord,https://www.francetvinfo.fr/meteo/climat/climat-le-gel-inquiete-les-agriculteurs-du-nord_5750282.html,France 3
2023-04-02 16:45:00,VIDÉO - Espagne : les images impressionnantes d'incendies hors norme,https://www.tf1info.fr/international/video-espagne-les-images-impressionnantes-d-incendies-hors-norme-2252848.html,TF1
2023-04-02 14:03:00,REPORTAGE - Les lacs du Médoc : un lieu enchanteur et un modèle de gestion de l'eau,https://www.tf1info.fr/voyages/reportage-les-lacs-du-medoc-un-lieu-enchanteur-et-un-modele-de-gestion-de-l-eau-2252747.html,TF1
2023-04-02 11:04:00,VIDÉO - Vent et sécheresse : départs de feux en série dans les Alpes-Maritimes,https://www.tf1info.fr/meteo/video-vent-et-secheresse-departs-de-feux-en-serie-dans-les-alpes-maritimes-2252796.html,TF1
2023-04-02 10:26:00,VIDÉO - Après le passage de la tempête Mathis : réparer les dégâts,https://www.tf1info.fr/environnement-ecologie/video-apres-le-passage-de-la-tempete-mathis-reparer-les-degats-2252797.html,TF1
2023-04-02,"Incendies : dans les Alpes-Maritimes, plusieurs feux de forêt qui suscitent l'inquiétude",https://www.francetvinfo.fr/alpes-maritimes/incendies-dans-les-alpes-maritimes-plusieurs-feux-de-foret-qui-suscitent-l-inquietude_5748242.html,France 2
2023-04-01,Espagne : les Asturies ravagés par de violentes flammes,https://www.francetvinfo.fr/monde/espagne/espagne-les-asturies-ravages-par-de-violentes-flammes_5746526.html,France 3
2023-04-01,Sécheresse : l’heure est à la sobriété pour les piscines,https://www.francetvinfo.fr/meteo/secheresse/secheresse-l-heure-est-a-la-sobriete-pour-les-piscines_5746328.html,France 3
2023-04-01,Sécheresse : comment mieux récupérer les eaux de pluie ?,https://www.francetvinfo.fr/meteo/secheresse/secheresse-comment-mieux-recuperer-les-eaux-de-pluie_5746235.html,France 2
2023-04-01,Espagne : le nord du pays en proie à des centaines d’incendies,https://www.francetvinfo.fr/monde/espagne/espagne-le-nord-du-pays-en-proie-a-des-centaines-d-incendies_5746511.html,France 2
2023-04-01,Espagne : une centaine d’incendies déclarés dans le nord du pays,https://www.francetvinfo.fr/monde/espagne/espagne-une-centaine-d-incendies-declares-dans-le-nord-du-pays_5746112.html,France 2
2023-04-01,"Sécheresse : dans l’Hérault, un maire distribue des économiseurs d’eau aux habitants",https://www.francetvinfo.fr/meteo/secheresse/secheresse-dans-l-herault-un-maire-distribue-des-economiseurs-d-eau-aux-habitants_5746535.html,France 3
2023-03-31 19:03:00,VIDÉO - Colmar : les traditionnelles maisons à colombage alsaciennes en danger ?,https://www.tf1info.fr/traditions-et-patrimoine/video-reportage-tf1-colmar-les-traditionnelles-maisons-a-colombage-alsaciennes-en-danger-avec-la-secheresse-2252684.html,TF1
2023-03-31 15:53:00,VIDÉO - Ce geste sera bientôt interdit dans les déchetteries de Rennes,https://www.tf1info.fr/environnement-ecologie/video-reportage-tf1-ce-geste-sera-bientot-interdit-dans-les-dechetteries-de-rennes-au-nom-de-la-lutte-contre-la-secheresse-2252687.html,TF1
2023-03-31 09:22:00,VIDÉO - Sécheresse : Emmanuel Macron dévoile son plan eau,https://www.tf1info.fr/politique/video-secheresse-emmanuel-macron-presente-son-plan-eau-a-savine-le-lac-2252619.html,TF1
2023-03-31,Sécheresse : les Français adeptes des piscines individuelles,https://www.francetvinfo.fr/meteo/secheresse/secheresse-les-francais-adeptes-des-piscines-individuelles_5744693.html,France 2
2023-03-30 15:53:00,"VIDÉO - Nettoyer les rues à l'eau potable : demain, on arrête ?",https://www.tf1info.fr/environnement-ecologie/video-reportage-jt-tf1-secheresse-plan-eau-fin-du-nettoyage-des-rues-a-l-eau-potable-l-exemple-d-antibes-alpes-maritimes-2252566.html,TF1
2023-03-30,Sécheresse : qui sont les plus gros consommateurs d’eau ?,https://www.francetvinfo.fr/meteo/secheresse/secheresse-qui-sont-les-plus-gros-consommateurs-d-eau_5742530.html,France 3
2023-03-30,Pyrénées-Orientales : les agriculteurs fortement impactés par la sécheresse,https://www.francetvinfo.fr/meteo/secheresse/pyrenees-orientales-les-agriculteurs-fortement-impactes-par-la-secheresse_5742557.html,France 3
2023-03-30,Hautes-Alpes : Emmanuel Macron de retour sur le terrain,https://www.francetvinfo.fr/politique/emmanuel-macron/hautes-alpes-emmanuel-macron-de-retour-sur-le-terrain_5742524.html,France 3
2023-03-30,"Sécheresse : à Montpellier, les gros consommateurs d’eau payent plus cher",https://www.francetvinfo.fr/meteo/secheresse/secheresse-a-montpellier-les-gros-consommateurs-d-eau-payent-plus-cher_5741720.html,France 2
2023-03-30,Hautes-Alpes : Emmanuel Macron en visite sous tension dans la commune de Savines-le-Lac,https://www.francetvinfo.fr/hautes-alpes/hautes-alpes-emmanuel-macron-en-visite-sous-tension-dans-la-commune-de-savines-le-lac_5741630.html,France 2
2023-03-27 16:00:00,VIDÉO - Fuites d'eau : pourquoi certains départements sont submergés,https://www.tf1info.fr/environnement-ecologie/video-reportage-tf1-secheresse-plan-eau-du-gouvernement-traque-des-fuites-et-perte-d-eau-potable-pourquoi-certains-departements-sont-plus-touches-2252253.html,TF1
2023-03-26 11:11:00,VIDÉO - Sécheresse : pourquoi les méga-bassines divisent-elles autant ?,https://www.tf1info.fr/environnement-ecologie/video-secheresse-pourquoi-les-mega-bassines-divisent-elles-autant-2252092.html,TF1
2023-03-26,Loisirs : le plaisir du jardinage à l'heure de la sécheresse,https://www.francetvinfo.fr/replay-radio/jardin/loisirs-le-plaisir-du-jardinage-a-l-heure-de-la-secheresse_5734139.html,France 3
2023-03-25,"Espagne : les pompiers luttent contre un incendie typique de l’été, en mars",https://www.francetvinfo.fr/monde/espagne/espagne-les-pompiers-luttent-contre-un-incendie-typique-de-l-ete-en-mars_5732153.html,France 3
2023-03-25,Corse : le dérèglement climatique pousse les vignerons à évoluer,https://www.francetvinfo.fr/france/corse/corse/corse-le-dereglement-climatique-pousse-les-vignerons-a-evoluer_5732156.html,France 3
2023-03-24,"Espagne : en Andalousie, la production d’avocats mise à mal par la sécheresse",https://www.francetvinfo.fr/monde/espagne/espagne-en-andalousie-la-production-d-avocats-mise-a-mal-par-la-secheresse_5730686.html,France 3
2023-03-24,Deux-Sèvres : un week-end sous haute tension face à la mobilisation contre les mégas bassines,https://www.francetvinfo.fr/economie/emploi/metiers/agriculture/deux-sevres-un-week-end-sous-haute-tension-face-a-la-mobilisation-contre-les-megas-bassines_5730629.html,France 2
2023-03-24,"Sécheresse : l’Espagne déjà en état d’alerte, notamment à cause de violents incendies",https://www.francetvinfo.fr/monde/espagne/secheresse-l-espagne-deja-en-etat-d-alerte-notamment-a-cause-de-violents-incendies_5730620.html,France 2
2023-03-24,"Espagne : face à la sécheresse, une église enfouie dans un lac réapparaît",https://www.francetvinfo.fr/meteo/secheresse/espagne-face-a-la-secheresse-une-eglise-enfouie-dans-un-lac-reapparait_5730170.html,France 2
2023-03-23,Chine : une tempête de sable augmente considérablement le taux de pollution de l’air à Pékin,https://www.francetvinfo.fr/monde/chine/chine-une-tempete-de-sable-augmente-considerablement-le-taux-de-pollution-de-l-air-a-pekin_5728520.html,France 2
2023-03-22 12:50:00,VIDÉO - Des arbres qui résistent au changement climatique : le test dans la forêt de Guéméné-Penfao,https://www.tf1info.fr/environnement-ecologie/video-des-arbres-qui-resistent-au-changement-climatique-le-test-dans-la-foret-de-guemene-penfao-2251726.html,TF1
2023-03-22,Réchauffement climatique : les fruits français plus que jamais en péril,https://www.francetvinfo.fr/monde/environnement/rechauffement-climatique-les-fruits-francais-plus-que-jamais-en-peril_5726684.html,France 2
2023-03-21 17:04:00,Forêt des Landes : l'inquiétude avant l'été,https://www.tf1info.fr/environnement-ecologie/video-incendie-foret-des-landes-l-inquietude-avant-l-ete-2251671.html,TF1
2023-03-21 13:00:00,VIDÉO - États-Unis : le pays frappé par deux tempêtes,https://www.tf1info.fr/international/video-tf1-etats-unis-le-pays-frappe-par-deux-tempetes-2251619.html,TF1
2023-03-21 12:45:00,Fuites d'eau : un fléau pour les communes,https://www.tf1info.fr/environnement-ecologie/video-tf1-fuites-d-eau-un-fleau-pour-les-communes-2251615.html,TF1
2023-03-21 07:00:00,Sécheresse : quelles sont les règles pour creuser un puits chez soi ?,https://www.tf1info.fr/environnement-ecologie/video-reportage-tf1-secheresse-quelles-sont-les-regles-pour-creuser-un-puits-chez-soi-2251554.html,TF1
2023-03-21,"Pyrénées-Orientales : face à la sécheresse, un maire bloque les constructions de piscines",https://www.francetvinfo.fr/meteo/secheresse/pyrenees-orientales-face-a-la-secheresse-un-maire-bloque-les-constructions-de-piscines_5724233.html,France 2
2023-03-20 14:41:00,Sécheresse : comment le Limousin tente de gérer la fin de l'abondance de l'eau,https://www.tf1info.fr/environnement-ecologie/video-reportage-secheresse-comment-le-limousin-tente-de-gerer-la-fin-de-l-abondance-de-l-eau-2251469.html,TF1
2023-03-20 07:30:00,"VIDÉO - ""On ne pouvait pas continuer"", ces éleveurs et agriculteurs qui arrêtent le bio",https://www.tf1info.fr/societe/video-on-ne-pouvait-pas-continuer-ces-eleveurs-et-agriculteurs-qui-arretent-le-bio-2251462.html,TF1
2023-03-20,Climat : quels sont les enseignements du 6e rapport du Giec ?,https://www.francetvinfo.fr/meteo/climat/climat-quels-sont-les-enseignements-du-6e-rapport-du-giec_5722298.html,France 3
2023-03-20,Changement climatique : le succès grandissant des plantes peu gourmandes en eau,https://www.francetvinfo.fr/monde/environnement/changement-climatique-le-succes-grandissant-des-plantes-peu-gourmandes-en-eau_5722220.html,France 2
2023-03-18,"Sécheresse : dans les Pyrénées-Orientales, le manque d’eau inquiète les apiculteurs",https://www.francetvinfo.fr/meteo/secheresse/secheresse-dans-les-pyrenees-orientales-le-manque-d-eau-inquiete-les-apiculteurs_5719157.html,France 3
2023-03-17 16:46:00,VIDÉO - Gers : la sécheresse pointée du doigt après l’effondrement impressionnant d’une église,https://www.tf1info.fr/regions/video-reportage-tf1-gers-la-secheresse-pointee-du-doigt-apres-l-effondrement-impressionnant-d-une-eglise-a-saramon-2251276.html,TF1
2023-03-17 16:42:00,"VIDÉO - Le 13H au jardin : au mois de mars, c'est la course à l'échalote",https://www.tf1info.fr/traditions-et-patrimoine/video-le-13h-au-jardin-au-mois-de-mars-c-est-la-course-a-l-echalote-2251285.html,TF1
2023-03-17 11:55:00,"REPORTAGE - Dans les Landes, le temps presse pour couper les arbres brûlés par les incendies l'été dernier",https://www.tf1info.fr/environnement-ecologie/video-reportage-tf1-dans-les-landes-le-temps-presse-pour-couper-les-arbres-brules-par-les-incendies-l-ete-dernier-2251217.html,TF1
2023-03-16 12:08:00,VIDÉO - Sécheresse : les gérants de stations de lavage s'inquiètent (et s'adaptent),https://www.tf1info.fr/environnement-ecologie/video-reportage-tf1-restrictions-contre-la-secheresse-l-interdiction-de-laver-sa-voiture-inquiete-les-gerants-de-stations-de-lavage-qui-cherchent-des-solutions-2251107.html,TF1
2023-03-16,Guadeloupe : les agriculteurs confrontés à la sécheresse,https://www.francetvinfo.fr/france/guadeloupe/guadeloupe-les-agriculteurs-confrontes-a-la-secheresse_5715137.html,France 3
2023-03-16,Sécheresse : les stations de lavage menacées par le manque d’eau,https://www.francetvinfo.fr/meteo/secheresse/secheresse-les-stations-de-lavage-menacees-par-le-manque-d-eau_5715548.html,France 3
2023-03-16,VIDEO. Sécheresse : la construction de piscines pourrait bientôt être interdite dans le Var,https://www.francetvinfo.fr/var/secheresse-la-construction-de-piscines-pourrait-bientot-etre-interdite-dans-le-var_5715485.html,France 2
2023-03-16,Guadeloupe : les agriculteurs et exploitations mis à mal par la sécheresse,https://www.francetvinfo.fr/france/guadeloupe/guadeloupe-les-agriculteurs-et-exploitations-mis-a-mal-par-la-secheresse_5715512.html,France 2
2023-03-16,Sécheresse : des stations de lavage de voitures s’équipent de récupérateurs d’eau,https://www.francetvinfo.fr/meteo/secheresse/secheresse-des-stations-de-lavage-de-voitures-s-equipent-de-recuperateurs-d-eau_5714993.html,France 2
2023-03-15 16:15:00,VIDÉO - Sécheresse : ruée sur les récupérateurs d’eau de pluie dans le Gard,https://www.tf1info.fr/environnement-ecologie/video-secheresse-manque-de-pluies-precipitations-rupture-ruee-sur-les-recuperateurs-d-eau-dans-le-gard-2251061.html,TF1
2023-03-15 12:37:00,VIDÉO - Sécheresse : le cri d'alarme des agriculteurs face au niveau des nappes phréatiques,https://www.tf1info.fr/environnement-ecologie/video-secheresse-en-hiver-manque-de-pluie-le-cri-d-alarme-des-agriculteurs-face-au-niveau-des-nappes-phreatiques-2251015.html,TF1
2023-03-15,VIDEO. Nucléaire : les centrales sont-elles trop gourmandes en eau ?,https://www.francetvinfo.fr/societe/nucleaire/nucleaire-les-centrales-sont-elles-trop-gourmandes-en-eau_5713346.html,France 2
2023-03-14,Sécheresse : les consommateurs investissent dans des récupérateurs d’eau de pluie,https://www.francetvinfo.fr/meteo/secheresse/secheresse-les-consommateurs-investissent-dans-des-recuperateurs-d-eau-de-pluie_5711576.html,France 3
2023-03-14,Sécheresse : la production de cresson à l’arrêt dans l’Oise,https://www.francetvinfo.fr/meteo/secheresse/secheresse-la-production-de-cresson-a-l-arret-dans-l-oise_5711084.html,France 2
2023-03-13 10:36:00,"VIDÉO - Entre tempêtes de neige et inondations, la Californie subit de plein fouet le dérèglement climatique",https://www.tf1info.fr/meteo/video-entre-tempetes-de-neige-et-inondations-la-californie-subit-de-plein-fouet-le-dereglement-climatique-2250774.html,TF1
2023-03-13 09:00:00,"VIDÉO - Alors que l'hiver n'est pas encore terminé, les pompiers s'inquiètent déjà des incendies précoces",https://www.tf1info.fr/environnement-ecologie/video-alors-que-l-hiver-n-est-pas-encore-termine-les-pompiers-s-inquietent-deja-des-incendies-precoces-dans-le-sud-2250769.html,TF1
2023-03-13,Climat : un nouveau journal météo lancé par France Télévisions,https://www.francetvinfo.fr/meteo/climat/climat-un-nouveau-journal-meteo-lance-par-france-televisions_5709182.html,France 3
2023-03-13,Changement climatique : France Télévisions lance son nouveau bulletin météo,https://www.francetvinfo.fr/meteo/climat/changement-climatique-france-televisions-lance-son-nouveau-bulletin-meteo_5709551.html,France 2
2023-03-13,VIDEO. Sécheresse : une équipe de France 2 en immersion dans les profondeurs d'une nappe phréatique,https://www.francetvinfo.fr/meteo/secheresse/secheresse-immersion-dans-les-profondeurs-d-une-nappe-phreatique_5709509.html,France 2
2023-03-13,Climat : le bulletin météo de France Télévisions fait peau neuve,https://www.francetvinfo.fr/meteo/climat-le-bulletin-meteo-de-france-televisions-fait-peau-neuve_5709584.html,France 3
2023-03-13,"Sécheresse : en Bourgogne, les agriculteurs sur le qui-vive en raison du manque d'eau",https://www.francetvinfo.fr/meteo/secheresse/secheresse-en-bourgogne-les-agriculteurs-sur-le-qui-vive-en-raison-du-manque-d-eau_5709173.html,France 3
2023-03-13,Sécheresse : les nappes phréatiques aux plus bas,https://www.francetvinfo.fr/meteo/secheresse/secheresse-les-nappes-phreatiques-aux-plus-bas_5709578.html,France 3
2023-03-12 19:32:00,"VIDÉO - Avec la sécheresse, les plantes moins gourmandes en eau s'imposent",https://www.tf1info.fr/environnement-ecologie/video-avec-la-secheresse-les-plantes-moins-gourmandes-en-eau-s-imposent-2250742.html,TF1
2023-03-12 16:54:00,"VIDÉO - États-Unis : après des tempêtes de neige, la Californie submergée par des inondations",https://www.tf1info.fr/international/video-etats-unis-apres-la-neige-la-californie-subit-des-inondations-mortelles-2250737.html,TF1
2023-03-12,Sécheresse : l’ouverture de la pêche perturbée par le manque d’eau,https://www.francetvinfo.fr/meteo/secheresse/secheresse-l-ouverture-de-la-peche-perturbee-par-le-manque-d-eau_5707286.html,France 2
2023-03-12,Climat : le Canal du Midi en proie à la sécheresse,https://www.francetvinfo.fr/meteo/climat/climat-le-canal-du-midi-en-proie-a-la-secheresse_5707283.html,France 2
2023-03-12,Sécheresse : la Canal du Midi toujours fermé en raison du manque d'eau,https://www.francetvinfo.fr/meteo/secheresse/secheresse-la-canal-du-midi-toujours-ferme-en-raison-du-manque-d-eau_5707580.html,France 3
2023-03-12,Alpes-Maritimes : 30 hectares ont brûlé dans un incendie,https://www.francetvinfo.fr/faits-divers/incendie/alpes-maritimes-30-hectares-ont-brule-dans-un-incendie_5707280.html,France 2
2023-03-11 10:50:00,VIDÉO - Le sucre français est-il en danger de disparition ?,https://www.tf1info.fr/economie/video-le-sucre-francais-est-il-en-danger-de-disparition-2250643.html,TF1
2023-03-11,"États-Unis : après les tempêtes de neige, des inondations exceptionnelles en Californie",https://www.francetvinfo.fr/meteo/inondations/etats-unis-apres-les-tempetes-de-neige-des-inondations-exceptionnelles-en-californie_5705957.html,France 2
2023-03-11,Sécheresse : le faible niveau des cours d’eau inquiète les pêcheurs à la truite,https://www.francetvinfo.fr/meteo/secheresse/secheresse-le-faible-niveau-des-cours-d-eau-inquiete-les-pecheurs-a-la-truite_5705771.html,France 3
2023-03-11,Sécheresse : la réserve naturelle du Pinail menacée,https://www.francetvinfo.fr/meteo/secheresse/secheresse-la-reserve-naturelle-du-pinail-menacee_5705780.html,France 3
2023-03-11,Sécheresse : les pêcheurs à la truite inquiets de la baisse du niveau des cours d’eau,https://www.francetvinfo.fr/meteo/secheresse/secheresse-les-pecheurs-a-la-truite-inquiets-de-la-baisse-du-niveau-des-cours-d-eau_5706008.html,France 3
2023-03-10 16:43:00,Sécheresse : la pêche à la truite sauvage interdite en Loire-Atlantique,https://www.tf1info.fr/environnement-ecologie/video-date-ouverture-secheresse-la-peche-a-la-truite-sauvage-interdite-en-loire-atlantique-dans-le-cens-et-le-gesvres-2250593.html,TF1
2023-03-10 12:06:00,VIDÉO - Auvergne : le vin volcanique en éruption,https://www.tf1info.fr/conso/video-les-atouts-du-vin-volcanique-resistant-a-la-secheresse-la-nouvelle-perle-de-l-auvergne-2250525.html,TF1
2023-03-10,Puy-de-Dôme : des mesures de restrictions d’eau prises dans 13 communes,https://www.francetvinfo.fr/meteo/secheresse/puy-de-dome-des-mesures-de-restrictions-d-eau-prises-dans-13-communes_5703899.html,France 2
2023-03-10,Sécheresse : un maire interdit la construction de piscines privées,https://www.francetvinfo.fr/meteo/secheresse/secheresse-un-maire-interdit-la-construction-de-piscines-privees_5704055.html,France 3
2023-03-10,Climat : des rafales de vent secouent la France,https://www.francetvinfo.fr/meteo/inondations/climat-des-rafales-de-vent-secouent-la-france_5704334.html,France 3
2023-03-09 16:50:00,VIDÉO - Comment réussir un bon gratin dauphinois ? La recette d'une championne,https://www.tf1info.fr/traditions-et-patrimoine/video-bon-et-pas-cher-recette-gratin-dauphinois-la-recette-d-une-championne-2250479.html,TF1
2023-03-09 15:22:00,Météo : le retour de la pluie après 40 jours de sécheresse,https://www.tf1info.fr/meteo/video-meteo-le-retour-de-la-pluie-apres-40-jours-de-secheresse-2250463.html,TF1
2023-03-09 10:31:00,Crise de la betterave : fermeture de deux usines en France,https://www.tf1info.fr/vie-pro/video-crise-de-la-betterave-tereos-fermeture-de-deux-usines-en-france-2250407.html,TF1
2023-03-09,Sécheresse : des restrictions d'eau déjà mises en place en Ardèche,https://www.francetvinfo.fr/meteo/secheresse/secheresse-des-restrictions-d-eau-deja-mises-en-place-en-ardeche_5701901.html,France 3
2023-03-09,Environnement : un vaccin pour sauver les abeilles,https://www.francetvinfo.fr/monde/environnement/biodiversite/environnement-un-vaccin-pour-sauver-les-abeilles_5702375.html,France 2
2023-03-08 10:54:00,Sécheresse : pourquoi le retour de la pluie ne suffira pas,https://www.tf1info.fr/environnement-ecologie/carte-secheresse-en-france-2023-arrete-prefectoral-nappes-souterraines-en-deficit-d-eau-le-retour-de-la-pluie-arrive-t-il-trop-tard-2250292.html,TF1
2023-03-08,Météo : le Nord de la France sous la neige,https://www.francetvinfo.fr/meteo/meteo-le-nord-de-la-france-sous-la-neige_5699531.html,France 3
2023-03-07 17:25:00,VIDÉO - Sécheresse : le fléau des fuites de canalisations,https://www.tf1info.fr/environnement-ecologie/video-reportage-secheresse-traque-a-royan-contre-le-fleau-des-fuites-de-canalisations-2250237.html,TF1
2023-03-07 15:59:00,VIDÉO - Sécheresse : bataille de l'eau dans les Pyrénées-Orientales,https://www.tf1info.fr/environnement-ecologie/video-reportage-tf1-restrictions-secheresse-bataille-de-l-eau-dans-les-pyrenees-orientales-2250182.html,TF1
2023-03-06 17:51:00,Météo : l'hiver 2023 a été particulièrement sec et encore doux en France,https://www.tf1info.fr/meteo/video-meteo-france-hiver-2023-a-ete-particulierement-sec-et-encore-doux-2250127.html,TF1
2023-03-06,"Lutte contre les incendies : le débroussaillage, une protection naturelle contre les feux de forêt",https://www.francetvinfo.fr/replay-jt/france-2/20-heures/lutte-contre-les-incendies-le-debroussaillage-une-protection-naturelle-contre-les-feux-de-foret_5696585.html,France 2
2023-03-06,Sécheresse : les agriculteurs du Sud-Ouest déjà inquiets pour leurs récoltes,https://www.francetvinfo.fr/meteo/secheresse/secheresse-les-agriculteurs-du-sud-ouest-deja-inquiets-pour-leurs-recoltes_5696666.html,France 3
2023-03-06,Sécheresse : un manque d'eau préoccupant dans plusieurs départements français,https://www.francetvinfo.fr/meteo/secheresse/secheresse-un-manque-d-eau-preoccupant-dans-plusieurs-departements-francais_5696198.html,France 3
2023-03-05,"""Un jour en France"" : le tour des actualités du week-end",https://www.francetvinfo.fr/france/un-jour-en-france-le-tour-des-actualites-du-week-end_5694563.html,France 2
2023-03-05,Inflation : pourquoi les prix des biscuits s’envolent-ils ?,https://www.francetvinfo.fr/economie/inflation/inflation-pourquoi-les-prix-des-biscuits-s-envolent-ils_5692838.html,France 2
2023-03-05,"Photo hebdo : Los Angeles, Ariège, Rome... l'actualité de la semaine en images",https://www.francetvinfo.fr/monde/photo-hebdo-los-angeles-ariege-rome-l-actualite-de-la-semaine-en-images_5692883.html,France 2
2023-03-05,Météo : une tempête de neige historique s’abat sur la Californie,https://www.francetvinfo.fr/monde/usa/tempete-de-neige-aux-etats-unis/meteo-une-tempete-de-neige-historique-s-abat-sur-la-californie_5692826.html,France 2
2023-03-05,Agriculture : le dernier élevage de vaches laitières aux Antilles menacé par la sécheresse,https://www.francetvinfo.fr/economie/emploi/metiers/agriculture/agriculture-le-dernier-elevage-de-vaches-laitieres-aux-antilles-menace-par-la-secheresse_5694593.html,France 3
2023-03-04 16:02:00,VIDÉO - Les images spectaculaires (et inhabituelles) de la Californie sous la neige,https://www.tf1info.fr/international/video-les-images-spectaculaires-et-inhabituelles-de-la-californie-sous-la-neige-2249970.html,TF1
2023-03-03 14:30:00,"VIDÉO - Sécheresse : le recours aux eaux usées, une solution encore trop peu utilisée",https://www.tf1info.fr/environnement-ecologie/video-secheresse-le-recours-aux-eaux-usees-une-solution-encore-trop-peu-utilisee-en-france-2249835.html,TF1
2023-03-03 11:04:00,"VIDÉO - ""On va restituer 55 hectares à la nature"" : La Plagne va démonter les infrastructures sur ces glaciers",https://www.tf1info.fr/environnement-ecologie/video-ski-sports-d-hiver-rechauffement-climatique-on-va-resituer-55-hectares-a-la-nature-la-plagne-va-demonter-une-partie-de-son-domaine-skiable-2249834.html,TF1
2023-03-03,Sécheresse : un incendie détruit neuf hectares de forêt dans le Médoc,https://www.francetvinfo.fr/meteo/secheresse/secheresse-un-incendie-detruit-neuf-hectares-de-foret-dans-le-medoc_5690564.html,France 3
2023-03-02 17:44:00,VIDÉO - Sécheresse : pourquoi c'est le moment de s'équiper de récupérateurs d'eau ?,https://www.tf1info.fr/environnement-ecologie/video-secheresse-pourquoi-c-est-le-moment-de-s-equiper-de-recuperateurs-d-eau-2249770.html,TF1
2023-03-02 16:55:00,"VIDÉO - Avec la sécheresse, le sorgho fait des émules",https://www.tf1info.fr/environnement-ecologie/video-agriculture-cereales-elevages-avec-la-secheresse-le-sorgho-fait-des-emules-2249773.html,TF1
2023-03-02,Sécheresse : comment parvenir à économiser l'eau au quotidien ?,https://www.francetvinfo.fr/meteo/secheresse/secheresse-comment-parvenir-a-economiser-l-eau-au-quotidien_5689256.html,France 2
2023-03-02,Sécheresse : des permis de construire gelés en raison de la pénurie d'eau dans le Var et en Ardèche,https://www.francetvinfo.fr/meteo/secheresse/secheresse-des-permis-de-construire-geles-en-raison-de-la-penurie-d-eau-dans-le-var-et-en-ardeche_5689223.html,France 2
2023-03-02,Sécheresse : neuf communes dans le Var décident d’interdire les nouvelles constructions,https://www.francetvinfo.fr/meteo/secheresse/secheresse-neuf-communes-dans-le-var-decident-d-interdire-les-nouvelles-constructions_5689307.html,France 3
2023-03-01 16:59:00,"VIDÉO - Sécheresse, manque d’eau… Des moules envahissent le lac de Vouglans dans le Jura",https://www.tf1info.fr/environnement-ecologie/video-secheresse-manque-d-eau-des-moules-zebrees-envahissent-le-lac-de-vouglans-dans-le-jura-2249670.html,TF1
2023-03-01 12:23:00,"VIDÉO - À cause du manque d'eau, des permis de construire gelés dans le Var",https://www.tf1info.fr/environnement-ecologie/video-meteo-secheresse-a-cause-du-manque-d-eau-des-permis-de-construire-geles-dans-le-var-2249606.html,TF1
2023-03-01,Énergie - sécheresse : les agriculteurs européens tous touchés par la crise agricole,https://www.francetvinfo.fr/meteo/secheresse/energie-secheresse-les-agriculteurs-europeens-tous-touches-par-la-crise-agricole_5687213.html,France 2
2023-02-28 11:53:00,VIDÉO - Sécheresse : quelques astuces pour réduire sa consommation d'eau et faire des économies,https://www.tf1info.fr/conso/video-secheresse-hivernale-restrictions-comment-limiter-sa-consommation-d-eau-les-trucs-et-astuces-de-tf1-pour-faire-des-economies-2249490.html,TF1
2023-02-28 09:43:00,VIDÉO - Une sécheresse et des restrictions comme en plein été dans les Pyrénées-Orientales,https://www.tf1info.fr/societe/video-meteo-pluies-nappes-phreatiques-une-secheresse-et-des-restrictions-comme-en-plein-ete-dans-les-pyrenees-orientales-2249483.html,TF1
2023-02-28,Guadeloupe : le modèle agricole s'adapte au changement climatique,https://www.francetvinfo.fr/france/guadeloupe/guadeloupe-le-modele-agricole-s-adapte-au-changement-climatique_5685284.html,France 3
2023-02-28,VIDEO. Inflation : la hausse des prix de l'alimentation fait l'objet d'un bras de fer entre les industriels et la grande distribution,https://www.francetvinfo.fr/economie/inflation/inflation-bras-de-fer-entre-les-industriels-et-la-grande-distribution_5685155.html,France 2
2023-02-28,Sécheresse : le faible enneigement en montagne fait craindre un manque d'eau pour l'été,https://www.francetvinfo.fr/meteo/secheresse/secheresse-le-faible-enneigement-en-montagne-fait-craindre-un-manque-d-eau-pour-l-ete_5685221.html,France 2
2023-02-27 16:34:00,"VIDÉO - Avec la sécheresse, cet agriculteur doit vendre une partie de ses bêtes",https://www.tf1info.fr/societe/video-avec-la-secheresse-hivernale-en-dordogne-cet-agriculteur-laurent-combaud-doit-vendre-une-partie-de-ses-vaches-2249428.html,TF1
2023-02-27 14:49:00,"VIDÉO - Dans les Pyrénées-Orientales, déjà des restrictions d'eau à cause de la sécheresse",https://www.tf1info.fr/societe/video-hiver-pluie-secheresse-hivernale-dans-les-pyrenees-orientales-deja-des-restrictions-d-eau-2249429.html,TF1
2023-02-27 11:32:00,REPORTAGE - Sécheresse : ce fleuve du Var est complètement à sec,https://www.tf1info.fr/environnement-ecologie/reportage-video-tf1-secheresse-dans-le-var-quand-un-fleuve-disparait-huveaune-marseille-var-2249305.html,TF1
2023-02-27 11:18:00,REPORTAGE - Sécheresse : ce village de Haute-Loire doit pomper l'eau d'un lac,https://www.tf1info.fr/environnement-ecologie/reportage-video-secheresse-en-haute-loire-un-village-oblige-de-pomper-l-eau-d-un-lac-2249344.html,TF1
2023-02-27 09:35:00,"VIDÉO - Après un mois d'absence, la pluie enfin de retour",https://www.tf1info.fr/meteo/video-meteo-previsions-intemperies-en-pleine-secheresse-hivernale-la-pluie-enfin-de-retour-2249376.html,TF1
2023-02-27,Sécheresse : les agriculteurs déjà touchés en Dordogne,https://www.francetvinfo.fr/meteo/secheresse/secheresse-les-agriculteurs-deja-touches-en-dordogne_5682881.html,France 2
2023-02-27,Sécheresse : cinq départements sont déjà placés en alerte,https://www.francetvinfo.fr/meteo/secheresse/secheresse-cinq-departements-sont-deja-places-en-alerte_5683307.html,France 2
2023-02-27,Assurance habitation : les Français ne sont pas tous logés à la même enseigne,https://www.francetvinfo.fr/economie/immobilier/assurance-habitation-les-francais-ne-sont-pas-tous-loges-a-la-meme-enseigne_5682884.html,France 2
2023-02-27,Sécheresse : les agriculteurs s’adaptent au manque d’eau,https://www.francetvinfo.fr/meteo/secheresse/secheresse-les-agriculteurs-s-adaptent-au-manque-d-eau_5683334.html,France 2
2023-02-27,Agriculture : les exploitants incités à mieux assurer leurs parcelles,https://www.francetvinfo.fr/economie/emploi/metiers/agriculture/agriculture-les-exploitants-incites-a-mieux-assurer-leurs-parcelles_5683010.html,France 3
2023-02-27,Assurance habitation : pourquoi existe-t-il de grosses différences de facture selon les régions ?,https://www.francetvinfo.fr/economie/pouvoir-achat/logement/assurance-habitation-pourquoi-existe-t-il-de-grosses-differences-de-facture-selon-les-regions_5683376.html,France 3
2023-02-27,Sécheresse : les agriculteurs souffrent déjà de la situation,https://www.francetvinfo.fr/meteo/secheresse/secheresse-les-agriculteurs-souffrent-deja-de-la-situation_5683358.html,France 3
2023-02-27,Sécheresse : la France doit faire avec une année record,https://www.francetvinfo.fr/meteo/secheresse/secheresse-la-france-doit-faire-avec-une-annee-record_5682794.html,France 3
2023-02-26,Environnement : des scientifiques projettent de manipuler le climat,https://www.francetvinfo.fr/monde/environnement/environnement-des-scientifiques-projettent-de-manipuler-le-climat_5681300.html,France 2
2023-02-26,Agriculture : quand les paysans se mettent aux panneaux photovoltaïques,https://www.francetvinfo.fr/economie/emploi/metiers/agriculture/agriculture-quand-les-paysans-se-mettent-aux-panneaux-photovoltaiques_5681387.html,France 3
2023-02-25 16:40:00,VIDÉO - États-Unis : les images d'un blizzard rarissime en Californie,https://www.tf1info.fr/international/video-etats-unis-les-images-d-un-blizzard-rarissime-en-californie-2249276.html,TF1
2023-02-25 14:59:00,REPORTAGE - Sécheresse en plein hiver : la preuve par l’image,https://www.tf1info.fr/meteo/reportage-secheresse-en-plein-hiver-la-preuve-par-l-image-2249275.html,TF1
2023-02-25,Salon de l’agriculture : le président de la République a assisté à l’ouverture de l’événement,https://www.francetvinfo.fr/societe/salon-de-l-agriculture/salon-de-l-agriculture-le-president-de-la-republique-a-assiste-a-l-ouverture-de-l-evenement_5679434.html,France 2
2023-02-25,Sécheresse : les agriculteurs sont particulièrement inquiets après un mois de février sans pluie,https://www.francetvinfo.fr/meteo/secheresse/secheresse-les-agriculteurs-sont-particulierement-inquiets-apres-un-mois-de-fevrier-sans-pluie_5679356.html,France 2
2023-02-25,Sécheresse : les particuliers adaptent leurs jardins,https://www.francetvinfo.fr/meteo/secheresse/secheresse-les-particuliers-adaptent-leurs-jardins_5679698.html,France 2
2023-02-25,Salon de l’agriculture : Emmanuel Macron présent pour le lancement de l’édition 2023,https://www.francetvinfo.fr/societe/salon-de-l-agriculture/salon-de-l-agriculture-emmanuel-macron-present-pour-le-lancement-de-l-edition-2023_5679350.html,France 3
2023-02-25,"Sécheresse : entre habitants, paysans et touristes, le difficile partage de l'eau",https://www.francetvinfo.fr/meteo/secheresse/secheresse-entre-habitants-paysans-et-touristes-le-difficile-partage-de-l-eau_5679728.html,France 3
2023-02-24 16:08:00,"VIDÉO - Flassans-sur-Issole : la rivière totalement asséchée, les habitants inquiets du manque d'eau",https://www.tf1info.fr/environnement-ecologie/video-flassans-sur-issole-la-riviere-totalement-assechee-les-habitants-inquiets-du-manque-d-eau-2249177.html,TF1
2023-02-24,Agriculture : ces producteurs qui se mettent à l’agroécologie,https://www.francetvinfo.fr/economie/emploi/metiers/agriculture/agriculture-ces-producteurs-qui-se-mettent-a-l-agroecologie_5678018.html,France 2
2023-02-24,Sécheresse : du jamais vu depuis 1959 dans les Pyrénées-Orientales,https://www.francetvinfo.fr/meteo/secheresse/secheresse-du-jamais-vu-depuis-1959-dans-les-pyrenees-orientales_5677700.html,France 3
2023-02-23,"VIDEO. Sécheresse : comment le fleuve de la Têt, dans les Pyrénées-Orientales, est devenu le symbole de la bataille de l’eau",https://www.francetvinfo.fr/economie/emploi/metiers/agriculture/secheresse-le-fleuve-de-la-tet-symbole-de-la-bataille-de-l-eau_5675945.html,France 2
2023-02-23,Météo : le retour de la pluie ne rassure pas complètement les agriculteurs,https://www.francetvinfo.fr/meteo/climat/meteo-le-retour-de-la-pluie-ne-rassure-pas-completement-les-agriculteurs_5675516.html,France 2
2023-02-23,"Sécheresse : dans le Var, des communes décident de suspendre les permis de construire",https://www.francetvinfo.fr/replay-jt/france-3/12-13/secheresse-dans-le-var-des-communes-decident-de-suspendre-les-permis-de-construire_5675621.html,France 3
2023-02-22 11:25:00,"VIDÉO - Plus d'un mois sans pluie, un record en hiver : quelles conséquences ?",https://www.tf1info.fr/environnement-ecologie/video-meteo-secheresse-record-2023-en-france-inondations-incendies-quelles-consequences-2248880.html,TF1
2023-02-22 10:17:00,"Sécheresse record : déjà des restrictions d’eau, en plein hiver, dans les Bouches-du-Rhône et le Var",https://www.tf1info.fr/meteo/video-var-saint-zacharie-bouches-du-rhone-huveaune-allauch-changement-climatique-secheresse-record-deja-des-restrictions-d-eau-en-plein-hiver-2248881.html,TF1
2023-02-22,Sécheresse : une menace sur les nappes phréatiques,https://www.francetvinfo.fr/meteo/secheresse/secheresse-une-menace-sur-les-nappes-phreatiques_5673911.html,France 2
2023-02-22,VIDEO. Sécheresse hivernale : vers des restrictions d’eau inédites en mars,https://www.francetvinfo.fr/meteo/secheresse/secheresse-une-reflexion-est-menee-pour-mettre-en-place-des-restrictions-d-eau-inedites-en-mars_5673905.html,France 2
2023-02-22,Sécheresse : les restrictions sur tout le territoire devraient se multiplier,https://www.francetvinfo.fr/meteo/secheresse/secheresse-les-restrictions-sur-tout-le-territoire-devraient-se-multiplier_5673935.html,France 3
2023-02-21 12:36:00,Interdit d'arroser ou de laver sa voiture : des restrictions en hiver dans le Var à cause de la sécheresse,https://www.tf1info.fr/environnement-ecologie/video-changement-climatique-rechauffement-interdit-d-arroser-ou-de-laver-sa-voiture-des-restrictions-en-hiver-dans-le-var-a-cause-de-la-secheresse-2248632.html,TF1
2023-02-21 11:23:00,"Un mois sans pluie, et des départements déjà victimes de la sécheresse... en plein hiver",https://www.tf1info.fr/environnement-ecologie/video-changement-climatique-rechauffement-un-mois-sans-pluie-et-des-departements-deja-victimes-de-la-secheresse-en-plein-hiver-2248807.html,TF1
2023-02-21,Sécheresse : le niveau des lacs au plus bas,https://www.francetvinfo.fr/meteo/secheresse/secheresse-le-niveau-des-lacs-au-plus-bas_5671901.html,France 3
2023-02-21,"Sécheresse : dans l'Ariège, le niveau du lac de Montbel inquiète",https://www.francetvinfo.fr/meteo/secheresse/secheresse-dans-l-ariege-le-niveau-du-lac-de-montbel-inquiete_5671337.html,France 2
2023-02-21,Sécheresse : les risques d'incendie en plein hiver sont bien réels,https://www.francetvinfo.fr/meteo/secheresse/secheresse-les-risques-d-incendie-en-plein-hiver-sont-bien-reels_5671559.html,France 3
2023-02-21,Sécheresse : quelles solutions ont les agriculteurs pour faire face au manque d'eau ?,https://www.francetvinfo.fr/meteo/secheresse/secheresse-quelles-solutions-ont-les-agriculteurs-pour-faire-face-au-manque-d-eau_5671904.html,France 3
2023-02-20,Sécheresse : les agriculteurs craignent un manque d'eau malgré le retour annoncé de la pluie,https://www.francetvinfo.fr/meteo/secheresse/secheresse-les-agriculteurs-craignent-un-manque-d-eau-malgre-le-retour-annonce-de-la-pluie_5670128.html,France 3
2023-02-20,Sécheresse : vers une année catastrophique pour les sols ?,https://www.francetvinfo.fr/meteo/secheresse/secheresse-vers-une-annee-catastrophique-pour-les-sols_5670140.html,France 3
2023-02-20,Sécheresse : des cours d'eau à sec partout en France,https://www.francetvinfo.fr/meteo/secheresse/secheresse-des-cours-d-eau-a-sec-partout-en-france_5670086.html,France 2
2023-02-19 18:09:00,REPORTAGE - Face à la sécheresse : retour à une irrigation millénaire en Espagne,https://www.tf1info.fr/international/reportage-video-irrigation-ancestrale-retour-aux-sources-en-espagne-climat-secheresse-2248638.html,TF1
2023-02-19 10:22:00,"VIDÉO - Climat : 27 jours sans pluie, du jamais-vu en hiver",https://www.tf1info.fr/meteo/video-climat-meteo-27-jours-sans-pluie-du-jamais-vu-en-hiver-2248587.html,TF1
2023-02-19,VIDEO. Sécheresse : le niveau du lac de Garde en Italie inquiète,https://www.francetvinfo.fr/meteo/secheresse/secheresse-le-niveau-du-lac-de-garde-en-italie-inquiete_5667899.html,France 2
2023-02-17 16:04:00,VIDÉO - Sécheresse : voici ce qu'il reste du fleuve Agly dans les Pyrénées-Orientales,https://www.tf1info.fr/environnement-ecologie/video-reportage-alerte-secheresse-en-france-voici-ce-qu-il-reste-du-fleuve-agly-dans-les-pyrenees-orientales-2248483.html,TF1
2023-02-17,"VIDEO. Sécheresse : dans le Puy-de-Dôme, une commune se retrouve à sec",https://www.francetvinfo.fr/meteo/secheresse/secheresse-dans-le-puy-de-dome-une-commune-se-retrouve-a-sec_5664896.html,France 3
2023-02-17,"Environnement : dans la région de Nice, des restrictions d’eau en plein hiver",https://www.francetvinfo.fr/meteo/secheresse/environnement-dans-la-region-de-nice-des-restrictions-d-eau-en-plein-hiver_5664863.html,France 2
2023-02-16 10:35:00,VIDÉO - Des incendies dès le mois de février : l'inquiétude monte en Gironde,https://www.tf1info.fr/environnement-ecologie/video-secheresse-incendies-gironde-fevrier-2023-l-inquietude-monte-pour-l-ete-2248304.html,TF1
2023-02-16,"Sécheresse : moins d’un millimètre de pluie en 26 jours, un record en France",https://www.francetvinfo.fr/replay-jt/france-3/19-20/secheresse-moins-d-un-millimetre-de-pluie-en-26-jours-un-record-en-france_5662928.html,France 3
2023-02-14,Sécheresse : les nappes phréatiques au plus bas,https://www.francetvinfo.fr/alpes-maritimes/secheresse-les-nappes-phreatiques-au-plus-bas_5658854.html,France 3
2023-02-12,Australie : l'inquiétante prolifération des kangourous,https://www.francetvinfo.fr/animaux/australie-l-inquietante-proliferation-des-kangourous_5655263.html,France 2
2023-02-09,"Sécheresse : le village d'Oreilla, dans les Pyrénées-Orientales, privé d'eau potable",https://www.francetvinfo.fr/replay-jt/france-2/13-heures/secheresse-le-village-d-oreilla-dans-les-pyrenees-orientales-prive-d-eau-potable_5649398.html,France 2
2023-02-09,"Sécheresse : les indemnisations, un parcours du combattant ?",https://www.francetvinfo.fr/meteo/secheresse/secheresse-les-indemnisations-un-parcours-du-combattant_5649941.html,France 3
2023-02-09,Sécheresse : vers une meilleure indemnisation des propriétaires,https://www.francetvinfo.fr/meteo/secheresse/secheresse-vers-une-meilleure-indemnisation-des-proprietaires_5649932.html,France 3
2023-02-08 11:22:00,"VIDÉO - ""D'un coup, la neige est arrivée"" : la galère des automobilistes dans les Pyrénées-Orientales",https://www.tf1info.fr/meteo/video-meteo-france-alerte-pyrenees-orientales-des-chutes-de-neige-tres-importantes-2247439.html,TF1
2023-02-06,Australie : le koala est menacé d'extinction,https://www.francetvinfo.fr/animaux/especes-menacees/australie-le-koala-est-menace-d-extinction_5644208.html,France 2
2023-02-05 10:53:00,VIDÉO - Les incendies d'hiver sont-ils toujours plus fréquents ?,https://www.tf1info.fr/environnement-ecologie/video-tf1-les-incendies-d-hiver-sont-ils-toujours-plus-frequents-2247117.html,TF1
2023-02-05,Chili : des incendies dévastateurs tuent au moins 23 personnes,https://www.francetvinfo.fr/faits-divers/incendie/chili-des-incendies-devastateurs-tuent-au-moins-23-personnes_5641787.html,France 2
2023-02-05,Chili : des feux de forêts dévastateurs entraînent la mort d'au moins 23 personnes dans le centre du pays,https://www.francetvinfo.fr/faits-divers/incendie/chili-des-feux-de-forets-devastateurs-entrainent-la-mort-d-au-moins-23-personnes-dans-le-centre-du-pays_5642120.html,France 2
2023-02-04 16:10:00,"VIDÉO - Sécheresse, mistral, feu : un incendie d'été en plein hiver dans les Alpilles",https://www.tf1info.fr/societe/video-secheresse-mistral-feu-comme-un-incendie-d-ete-en-plein-hiver-dans-les-alpilles-2247087.html,TF1
2023-02-04,Bouches-du-Rhône : 230 pompiers combattent le feu qui s’est déclaré dans les Alpilles,https://www.francetvinfo.fr/replay-jt/france-2/13-heures/bouches-du-rhone-230-pompiers-combattent-le-feu-qui-s-est-declare-dans-les-alpilles_5640218.html,France 2
2023-02-04,Incendie dans les Alpilles : un feu de forêt ravage une centaine d'hectares en plein hiver,https://www.francetvinfo.fr/replay-jt/france-2/20-heures/incendie-dans-les-alpilles-un-feu-de-foret-ravage-une-centaine-d-hectares-en-plein-hiver_5640518.html,France 2
2023-02-04,Incendie dans les Alpilles : le feu a été maîtrisé,https://www.francetvinfo.fr/faits-divers/incendie/incendie-dans-les-alpilles-le-feu-a-ete-maitrise_5640584.html,France 3